[
  {
    "name": "Distribution of Certified  Seeds of maize",
    "link": "https://www.tn.gov.in/scheme/data_view/6853"
  },
  {
    "name": "Distribution of Certified seeds - Oil Seeds",
    "link": "https://www.tn.gov.in/scheme/data_view/7613"
  },
  {
    "name": "Distribution of Gypsum",
    "link": "https://www.tn.gov.in/scheme/data_view/7075"
  },
  {
    "name": "Distribution of Gypsum - Oil Seeds",
    "link": "https://www.tn.gov.in/scheme/data_view/7618"
  },
  {
    "name": "Distribution of manually operated Plant Protection Equipment",
    "link": "https://www.tn.gov.in/scheme/data_view/7070"
  },
  {
    "name": "Distribution of Minikits  at free of cost",
    "link": "https://www.tn.gov.in/scheme/data_view/6855"
  },
  {
    "name": "Distribution of Nuclear Poly Hedrosis Virus",
    "link": "https://www.tn.gov.in/scheme/data_view/7078"
  },
  {
    "name": "Distribution of Rhizobium",
    "link": "https://www.tn.gov.in/scheme/data_view/7053"
  },
  {
    "name": "Distribution of Rhizobium Packets - Oilseeds",
    "link": "https://www.tn.gov.in/scheme/data_view/7616"
  },
  {
    "name": "Distribution of Soil  Health card",
    "link": "https://www.tn.gov.in/scheme/data_view/6849"
  },
  {
    "name": "Farmers Interest Group  (FIG)",
    "link": "https://www.tn.gov.in/scheme/data_view/6850"
  },
  {
    "name": "Farmers Training",
    "link": "https://www.tn.gov.in/scheme/data_view/6847"
  },
  {
    "name": "Integrated Pest  Management Demonstration  cum Training",
    "link": "https://www.tn.gov.in/scheme/data_view/6848"
  },
  {
    "name": "Low Tension power tariff subsidy",
    "link": "https://www.tn.gov.in/scheme/data_view/19670"
  },
  {
    "name": "Micro Nutrient spray",
    "link": "https://www.tn.gov.in/scheme/data_view/7084"
  },
  {
    "name": "Organizing Block Demonstration",
    "link": "https://www.tn.gov.in/scheme/data_view/6902"
  },
  {
    "name": "Organizing Block demonstration on Polythene mulch Technology in Groundnut",
    "link": "https://www.tn.gov.in/scheme/data_view/7614"
  },
  {
    "name": "Organizing Block  Demonstration through  Department and also  through TNAU",
    "link": "https://www.tn.gov.in/scheme/data_view/6854"
  },
  {
    "name": "Pipes carrying water  from source to field",
    "link": "https://www.tn.gov.in/scheme/data_view/6859"
  },
  {
    "name": "Pipes carrying water from source to field - Pulses ISPOM",
    "link": "https://www.tn.gov.in/scheme/data_view/7082"
  },
  {
    "name": "Production of Certified Seeds",
    "link": "https://www.tn.gov.in/scheme/data_view/6895"
  },
  {
    "name": "Production of Certified  Seeds of Maize",
    "link": "https://www.tn.gov.in/scheme/data_view/6852"
  },
  {
    "name": "Production of Foundation and Certified Seeds",
    "link": "https://www.tn.gov.in/scheme/data_view/7612"
  },
  {
    "name": "Production of Foundation Seeds",
    "link": "https://www.tn.gov.in/scheme/data_view/6891"
  },
  {
    "name": "Quality Paddy seed Distribution",
    "link": "https://www.tn.gov.in/scheme/data_view/19244"
  }
]